global_step,step_time_sec,meta_loss,grad_norm,tasks
1,210.0255,0.707823,26.284333,clean|downup50|crop
2,186.1649,0.738295,22.280696,jpeg|blur|msg_app
3,205.3257,0.665989,22.829237,occlusion|blur|downup50
4,170.6199,0.662076,21.522294,clean|crop|occlusion
5,189.9683,0.722237,20.473918,msg_app|jpeg|msg_app
6,184.7393,0.649245,22.519848,downup50|clean|crop
7,198.7857,0.642454,22.482525,jpeg|blur|occlusion
8,193.2834,0.650892,20.055006,msg_app|downup50|clean
9,226.4429,0.630587,21.529584,crop|jpeg|occlusion
10,246.5510,0.691392,30.972102,blur|msg_app|downup50
11,211.7130,0.638345,25.710066,clean|crop|occlusion
12,211.4510,0.603688,18.099750,jpeg|blur|msg_app
13,211.3860,0.573542,16.863530,downup50|clean|crop
14,211.9237,0.615298,17.704805,blur|jpeg|occlusion
15,211.4053,0.589342,19.276250,msg_app|downup50|clean
16,211.6086,0.544555,26.793574,crop|jpeg|occlusion
17,211.8975,0.622584,28.009673,blur|msg_app|downup50
18,216.9341,0.551274,20.481397,clean|crop|jpeg
19,218.1536,0.576634,20.003116,occlusion|blur|msg_app
20,218.1285,0.492863,17.967587,downup50|clean|crop
21,218.2645,0.520173,21.453153,jpeg|occlusion|blur
22,218.1446,0.511298,20.236107,msg_app|clean|downup50
23,218.4601,0.497644,23.897346,crop|occlusion|jpeg
24,218.2482,0.565218,27.209103,blur|msg_app|downup50
25,218.4922,0.406006,23.934975,clean|occlusion|crop
26,214.8812,0.457872,23.210482,jpeg|blur|clean
27,212.0130,0.441961,24.563587,msg_app|downup50|occlusion
28,211.3499,0.461578,30.243777,crop|jpeg|blur
29,213.6183,0.423627,28.550747,clean|downup50|msg_app
30,212.0609,0.459646,31.321777,occlusion|crop|jpeg
31,210.5790,0.288192,25.710962,blur|clean|downup50
32,211.9585,0.419936,34.090790,msg_app|occlusion|crop
33,212.4271,0.379358,25.607471,jpeg|blur|clean
34,212.6516,0.360038,31.197546,downup50|occlusion|msg_app
35,211.6745,0.466821,37.125179,crop|jpeg|blur
36,212.2513,0.249036,31.676527,clean|downup50|occlusion
37,212.0600,0.473898,62.322195,msg_app|jpeg|crop
38,211.8221,0.324972,65.708193,blur|clean|downup50
39,212.5200,0.545190,48.025680,occlusion|jpeg|msg_app
40,212.3017,0.342818,35.833358,crop|blur|downup50
41,211.2162,0.227253,33.558263,clean|occlusion|jpeg
42,211.4139,0.347151,32.879581,crop|blur|downup50
43,212.4649,0.281074,30.933632,clean|msg_app|occlusion
44,211.7619,0.282224,40.082568,crop|downup50|jpeg
45,212.6137,0.382975,35.035970,clean|blur|msg_app
46,213.1880,0.346094,51.914457,occlusion|crop|jpeg
47,211.8390,0.412001,45.402101,downup50|clean|msg_app
48,212.9087,0.267516,33.125631,blur|occlusion|crop
49,212.7030,0.223999,33.832907,clean|jpeg|blur
50,212.3606,0.353186,36.189825,occlusion|downup50|msg_app
51,214.1820,0.369285,52.175346,jpeg|clean|crop
52,213.3552,0.871061,68.576711,blur|msg_app|downup50
53,211.7478,0.239993,51.767798,occlusion|clean|jpeg
54,213.2353,0.331604,37.754216,crop|msg_app|occlusion
55,213.1435,0.214017,27.785827,downup50|clean|jpeg
56,213.5657,0.403429,44.245868,crop|msg_app|occlusion
57,212.5655,0.192137,43.478739,downup50|blur|clean
58,211.9946,0.453683,56.779718,crop|jpeg|msg_app
59,207.7321,0.181587,32.779900,blur|downup50|occlusion
60,207.1795,0.237782,34.664473,clean|blur|jpeg
61,207.2519,0.342873,46.221679,crop|msg_app|downup50
62,207.2744,0.306127,50.249754,blur|occlusion|jpeg
63,207.9893,0.176765,25.834422,clean|crop|downup50
64,207.4134,0.503948,55.875604,msg_app|blur|jpeg
65,208.3875,0.180499,51.963840,occlusion|downup50|blur
66,206.8457,0.152151,22.802102,clean|crop|occlusion
67,207.6181,0.450160,62.289135,blur|msg_app|jpeg
68,207.6299,0.213968,70.048375,clean|crop|downup50
69,207.3587,0.469893,48.363213,blur|occlusion|msg_app
70,207.9715,0.088826,33.502201,downup50|crop|clean
71,207.4844,0.162837,43.484307,jpeg|blur|occlusion
72,207.7144,0.177497,36.832299,crop|jpeg|downup50
73,207.4490,0.189359,38.595662,clean|blur|crop
74,206.9549,0.289140,36.173287,occlusion|msg_app|jpeg
75,208.1768,0.273569,40.881143,blur|downup50|msg_app
76,206.8853,0.329180,45.242330,clean|msg_app|crop
77,207.8529,0.162701,33.966421,jpeg|occlusion|downup50
78,207.8139,0.566337,64.031788,msg_app|blur|clean
79,208.0826,0.264073,49.388477,occlusion|jpeg|crop
80,208.3761,0.429798,33.303161,downup50|jpeg|blur
81,207.4846,0.208675,33.189354,clean|occlusion|crop
82,207.9331,0.146661,37.835012,downup50|jpeg|occlusion
83,207.8460,0.294802,47.886204,msg_app|msg_app|clean
84,207.8904,0.354867,44.122689,downup50|crop|msg_app
85,207.5693,0.312906,36.741906,jpeg|occlusion|msg_app
86,206.9887,0.334490,35.196706,crop|blur|clean
87,207.3551,0.277967,22.205697,jpeg|occlusion|crop
88,206.7146,0.281167,40.714058,downup50|blur|msg_app
89,207.6649,0.320122,33.526393,blur|occlusion|clean
90,206.9997,0.407441,33.219546,msg_app|jpeg|crop
91,208.4443,0.251342,23.408488,downup50|blur|clean
92,206.4486,0.211411,27.475092,crop|jpeg|downup50
93,208.0332,0.426519,26.784649,jpeg|msg_app|crop
94,207.0029,0.200244,18.643156,occlusion|blur|clean
95,207.4235,0.187023,23.979418,downup50|crop|occlusion
96,207.3219,0.307945,35.675384,clean|blur|msg_app
97,207.3045,0.320318,46.799414,occlusion|crop|blur
98,206.8881,0.206390,25.089867,jpeg|downup50|clean
99,206.5313,0.342172,41.251882,blur|msg_app|clean
100,207.1845,0.209035,38.415254,occlusion|jpeg|msg_app
101,206.4705,0.257327,25.373944,msg_app|downup50|clean
102,207.0487,0.339880,23.650104,blur|occlusion|crop
103,207.0523,0.204518,31.246087,msg_app|jpeg|downup50
104,207.6363,0.202908,41.915898,blur|msg_app|blur
105,208.6697,0.119089,22.401476,downup50|clean|msg_app
106,208.6988,0.266062,38.177338,jpeg|blur|msg_app
107,208.8998,0.129329,24.640402,crop|downup50|blur
108,207.6608,0.202663,46.880196,jpeg|clean|crop
109,208.2371,0.181547,26.318463,occlusion|downup50|blur
110,209.9277,0.353585,23.163844,occlusion|clean|msg_app
111,208.6645,0.356072,22.775596,crop|jpeg|occlusion
112,207.2209,0.081093,17.176054,downup50|clean|occlusion
113,207.4415,0.237568,31.269110,blur|clean|jpeg
114,207.9947,0.387569,30.317233,occlusion|downup50|blur
115,206.8585,0.134577,23.483645,clean|crop|occlusion
116,206.4143,0.132692,18.901987,jpeg|downup50|clean
117,207.3025,0.441243,45.628762,msg_app|crop|msg_app
118,207.6997,0.361085,28.743415,occlusion|msg_app|jpeg
119,207.2349,0.063671,7.328114,downup50|clean|downup50
120,207.3399,0.078329,19.626825,occlusion|clean|jpeg
121,208.5560,0.288710,44.442035,jpeg|blur|msg_app
122,207.9463,0.276111,47.246208,downup50|jpeg|crop
123,208.7018,0.198050,35.450808,msg_app|msg_app|occlusion
124,206.1847,0.151550,22.314597,clean|jpeg|blur
125,207.0916,0.365499,27.124370,blur|msg_app|downup50
126,206.4611,0.193810,41.355912,occlusion|crop|clean
127,205.8713,0.232808,39.569042,crop|crop|jpeg
128,206.7772,0.188839,31.384450,jpeg|downup50|msg_app
129,206.7265,0.209383,17.913552,occlusion|downup50|crop
130,207.1455,0.138007,25.059968,clean|blur|jpeg
131,206.4622,0.351157,36.930386,blur|crop|occlusion
132,206.9075,0.275987,38.772306,msg_app|blur|msg_app
133,206.8040,0.119763,44.897105,clean|jpeg|downup50
134,207.4632,0.322843,50.604210,jpeg|msg_app|jpeg
135,208.9592,0.251626,21.381531,blur|downup50|msg_app
136,208.1560,0.187335,21.375293,crop|clean|occlusion
137,208.2580,0.526991,38.617740,msg_app|blur|crop
138,209.0186,0.072228,10.479240,occlusion|blur|clean
139,208.9821,0.194554,14.745750,occlusion|downup50|blur
140,207.9204,0.030716,6.673001,clean|occlusion|downup50
141,208.4072,0.193963,17.522082,crop|occlusion|downup50
142,207.8874,0.344522,28.268741,clean|jpeg|crop
143,207.1594,0.047277,10.435808,occlusion|downup50|clean
144,208.1372,0.182762,25.314323,blur|occlusion|downup50
145,207.7459,0.363130,38.302875,crop|crop|msg_app
146,207.2447,0.224487,28.029313,msg_app|clean|occlusion
147,207.6939,0.242439,24.033068,downup50|blur|crop
148,207.6779,0.310814,25.878828,downup50|jpeg|msg_app
149,207.8181,0.129632,19.117895,clean|blur|jpeg
150,207.2669,0.238451,27.552480,jpeg|occlusion|crop
151,209.1608,0.180904,14.401760,clean|blur|downup50
152,206.8778,0.297494,33.093738,crop|crop|crop
153,207.3779,0.028999,4.080162,occlusion|downup50|clean
154,207.2365,0.215006,32.634378,jpeg|jpeg|msg_app
155,208.1574,0.284624,45.794075,occlusion|msg_app|downup50
156,207.5590,0.135391,11.280090,clean|jpeg|jpeg
157,208.7635,0.134548,16.061009,crop|occlusion|clean
158,207.9127,0.178762,24.616141,blur|blur|blur
159,207.3692,0.206407,37.260723,downup50|crop|occlusion
160,207.4020,0.120472,47.935183,blur|blur|blur
161,206.1615,0.129310,25.980524,jpeg|downup50|clean
162,207.3683,0.113832,23.197530,occlusion|blur|blur
163,207.7387,0.260815,27.016483,downup50|msg_app|msg_app
164,207.5914,0.152473,24.366915,crop|jpeg|clean
165,208.3187,0.250674,19.857778,crop|jpeg|occlusion
166,207.2930,0.075604,23.044949,jpeg|downup50|blur
167,207.5006,0.243027,44.897958,msg_app|msg_app|msg_app
168,206.6649,0.257587,37.102661,clean|msg_app|msg_app
169,206.9093,0.142787,48.291310,blur|jpeg|downup50
170,206.8274,0.097133,33.908315,occlusion|jpeg|jpeg
171,206.1973,0.181313,27.748142,occlusion|crop|crop
172,206.3921,0.215100,34.540654,crop|crop|crop
173,206.5133,0.191164,19.016007,blur|downup50|clean
174,207.5216,0.136594,20.875826,msg_app|clean|occlusion
175,207.4153,0.188940,28.894851,downup50|crop|jpeg
176,206.7274,0.179622,24.428797,jpeg|msg_app|occlusion
177,206.7831,0.152523,18.335904,clean|downup50|jpeg
178,206.8094,0.068097,5.926399,occlusion|downup50|clean
179,206.6307,0.392023,38.388501,msg_app|crop|crop
180,207.9447,0.272697,26.438242,occlusion|downup50|blur
181,207.9771,0.031669,5.626074,clean|downup50|clean
182,206.9034,0.166738,19.078997,jpeg|jpeg|crop
183,207.5745,0.075652,20.669995,clean|jpeg|downup50
184,206.7117,0.299197,37.535982,msg_app|clean|crop
185,207.3816,0.182725,25.115850,occlusion|crop|downup50
186,199.8192,0.178797,18.186559,jpeg|blur|blur
187,116.8147,0.028920,6.614841,clean|occlusion|downup50
188,117.8544,0.167286,15.571804,blur|blur|clean
189,117.8876,0.139648,40.180880,jpeg|occlusion|msg_app
190,149.8610,0.373405,40.376615,msg_app|crop|clean
191,225.6207,0.126938,23.083525,downup50|msg_app|occlusion
192,154.5567,0.098129,24.125618,jpeg|occlusion|msg_app
193,196.1344,0.215750,24.038187,msg_app|clean|jpeg
194,226.7602,0.062528,20.731949,downup50|occlusion|blur
195,180.2494,0.094484,21.021275,blur|blur|blur
196,211.0874,0.115497,19.051148,blur|occlusion|clean
197,224.1912,0.123335,32.029600,downup50|msg_app|msg_app
198,229.9376,0.426342,37.712229,msg_app|msg_app|occlusion
199,223.0771,0.280017,34.409312,jpeg|jpeg|crop
200,195.0423,0.145467,18.585630,downup50|clean|blur
201,191.4971,0.069429,20.192596,jpeg|clean|downup50
202,185.8686,0.041300,16.982618,clean|downup50|jpeg
203,184.3080,0.028826,8.889716,occlusion|occlusion|jpeg
204,195.8418,0.038202,24.198894,occlusion|clean|blur
205,202.6684,0.049990,8.193544,blur|blur|blur
206,202.6763,0.150344,12.735844,blur|downup50|occlusion
207,202.7227,0.246129,54.241847,jpeg|crop|crop
208,202.9034,0.176411,50.281583,crop|crop|crop
209,205.9410,0.208976,30.431118,crop|crop|crop
210,201.8276,0.152354,19.731200,crop|crop|clean
211,203.6801,0.260604,26.269431,msg_app|msg_app|downup50
212,202.6267,0.266795,28.865449,clean|crop|blur
213,202.6047,0.138453,12.933251,downup50|jpeg|jpeg
214,202.3965,0.187726,23.163907,occlusion|msg_app|msg_app
215,201.4411,0.088637,23.502811,downup50|occlusion|msg_app
216,203.0817,0.221674,35.860045,msg_app|crop|occlusion
217,201.6448,0.127748,24.543051,msg_app|blur|blur
218,203.7838,0.200668,23.134057,msg_app|msg_app|msg_app
219,201.0878,0.053570,18.158642,occlusion|clean|blur
220,200.9577,0.155101,11.066718,downup50|clean|crop
221,202.4066,0.151411,40.295709,blur|clean|msg_app
222,201.5707,0.050403,13.087559,occlusion|blur|clean
223,203.8458,0.128598,24.948154,downup50|jpeg|occlusion
224,201.1223,0.058474,6.048598,blur|clean|occlusion
225,204.2346,0.166649,18.730667,blur|jpeg|clean
226,203.0120,0.309560,32.275655,crop|crop|blur
227,203.5608,0.275651,31.183349,msg_app|clean|msg_app
228,202.9818,0.016645,10.789740,downup50|occlusion|downup50
229,202.5193,0.091357,13.534853,occlusion|downup50|crop
230,202.4289,0.007122,1.526631,occlusion|clean|downup50
231,200.5898,0.098511,19.215165,crop|occlusion|clean
232,203.1562,0.012134,7.750022,downup50|occlusion|clean
233,202.6614,0.279248,30.452493,downup50|crop|jpeg
234,202.7028,0.054601,23.349885,occlusion|clean|msg_app
235,203.1160,0.192729,38.999804,msg_app|msg_app|clean
236,202.7616,0.168323,27.739159,occlusion|blur|crop
237,203.6818,0.175921,38.514903,blur|clean|msg_app
238,201.9602,0.113226,25.431310,jpeg|downup50|jpeg
239,203.3283,0.113072,9.876752,jpeg|occlusion|clean
240,200.9077,0.224820,30.848314,msg_app|downup50|occlusion
241,204.9527,0.047928,55.776243,jpeg|jpeg|jpeg
242,203.4685,0.061179,38.191234,jpeg|jpeg|jpeg
243,202.3754,0.144673,24.882430,jpeg|clean|crop
244,203.3750,0.318379,34.891833,crop|crop|blur
245,202.9583,0.027781,6.921063,occlusion|downup50|downup50
246,204.8077,0.205952,13.814779,blur|jpeg|occlusion
247,203.5648,0.016031,2.572932,downup50|clean|occlusion
248,203.9080,0.066466,15.433732,downup50|jpeg|clean
249,202.6755,0.010554,5.860597,downup50|occlusion|clean
250,204.2485,0.146655,35.286776,downup50|msg_app|msg_app
251,203.4956,0.098653,18.922576,msg_app|msg_app|msg_app
252,203.3266,0.220523,27.923618,msg_app|msg_app|msg_app
253,203.2841,0.198137,44.602049,jpeg|jpeg|crop
254,203.1215,0.129760,19.652221,crop|occlusion|clean
255,203.4935,0.267143,30.510531,downup50|msg_app|clean
256,203.5274,0.306996,17.499028,downup50|occlusion|blur
257,202.8211,0.084445,12.594755,clean|downup50|crop
258,202.7981,0.252292,24.471107,crop|crop|occlusion
259,202.9075,0.114293,15.012013,clean|downup50|jpeg
260,204.1920,0.067660,18.431154,occlusion|jpeg|jpeg
261,202.6754,0.043984,10.519004,jpeg|downup50|occlusion
262,206.3367,0.153326,14.475276,jpeg|downup50|jpeg
263,202.8358,0.130650,21.561642,clean|crop|occlusion
264,204.4559,0.007616,1.242779,clean|downup50|clean
265,203.8355,0.197474,30.234207,occlusion|crop|downup50
266,203.8841,0.017343,6.494243,clean|downup50|occlusion
267,202.8005,0.017763,2.452343,clean|downup50|occlusion
268,204.4800,0.144518,35.084243,clean|msg_app|jpeg
269,202.8287,0.012032,4.837948,occlusion|clean|downup50
270,203.6127,0.155029,14.658488,jpeg|msg_app|clean
271,202.9209,0.158571,23.115706,occlusion|msg_app|downup50
272,202.9819,0.336005,30.796464,jpeg|crop|msg_app
273,203.3805,0.172919,19.942165,msg_app|blur|blur
274,202.8552,0.114082,23.319099,blur|blur|blur
275,203.9864,0.065091,8.341437,blur|blur|blur
276,203.4812,0.172406,10.953082,blur|blur|blur
277,204.4574,0.104351,15.606511,blur|blur|blur
278,204.8846,0.095497,18.317165,blur|blur|blur
279,202.9612,0.025617,4.635337,blur|clean|downup50
280,204.3987,0.171141,21.477395,jpeg|jpeg|msg_app
281,202.6653,0.078692,14.210059,blur|jpeg|downup50
282,203.4512,0.034207,5.931939,clean|jpeg|jpeg
283,201.9391,0.094215,20.829317,jpeg|blur|downup50
284,202.1374,0.155937,34.804823,clean|msg_app|msg_app
285,202.1651,0.166617,35.089097,msg_app|msg_app|msg_app
286,202.8149,0.212533,23.711779,msg_app|msg_app|occlusion
287,201.7208,0.021757,11.553354,downup50|occlusion|clean
288,202.4604,0.049782,20.212948,blur|downup50|jpeg
289,204.4026,0.052685,7.883909,occlusion|occlusion|blur
290,202.7766,0.033099,26.197566,jpeg|jpeg|downup50
291,203.3326,0.333533,35.975868,crop|crop|clean
292,203.7002,0.134202,22.871790,blur|jpeg|clean
293,202.8019,0.013714,3.131651,downup50|occlusion|clean
294,203.8246,0.064295,16.639824,downup50|jpeg|msg_app
295,202.8831,0.157347,21.668763,msg_app|msg_app|occlusion
296,204.6761,0.144381,22.305405,jpeg|clean|occlusion
297,201.7493,0.170015,29.171272,downup50|crop|crop
298,203.1020,0.319331,35.568616,crop|crop|crop
299,205.2441,0.193298,26.214450,crop|crop|crop
300,204.4403,0.311249,34.800297,crop|crop|crop
301,205.1010,0.185811,28.429389,crop|crop|crop
302,202.9959,0.297817,36.473494,crop|crop|crop
303,205.3629,0.029489,3.121244,occlusion|clean|downup50
304,204.6842,0.334170,29.752956,occlusion|msg_app|crop
305,203.7274,0.056049,7.717781,blur|clean|occlusion
306,204.0300,0.064087,11.035200,blur|blur|occlusion
307,201.8672,0.088223,11.279772,downup50|clean|blur
308,204.1245,0.117213,33.963681,crop|crop|crop
309,202.3619,0.210963,15.539420,crop|crop|occlusion
310,203.6011,0.027626,6.786915,clean|downup50|occlusion
311,203.1060,0.092927,16.960202,clean|occlusion|blur
312,204.0795,0.027904,14.683111,clean|jpeg|jpeg
313,204.0431,0.057859,11.812669,jpeg|jpeg|downup50
314,202.1588,0.111872,20.320597,occlusion|jpeg|downup50
315,204.3420,0.032763,11.439227,clean|downup50|crop
316,202.9956,0.109136,14.215137,crop|clean|occlusion
317,203.7668,0.089486,12.886000,downup50|occlusion|crop
318,203.3000,0.079780,10.886340,clean|blur|occlusion
319,202.2571,0.266127,19.990708,crop|msg_app|downup50
320,208.6009,0.040220,10.495172,clean|downup50|occlusion
321,219.2098,0.106887,15.878759,jpeg|blur|blur
322,230.7667,0.265178,21.136194,blur|downup50|crop
323,226.4664,0.118801,8.858291,occlusion|downup50|jpeg
324,221.5944,0.052854,5.667810,clean|downup50|blur
325,212.9979,0.006552,5.632737,occlusion|clean|downup50
326,214.0034,0.071379,25.343499,blur|occlusion|clean
327,213.7541,0.072088,23.667639,downup50|occlusion|msg_app
328,214.2823,0.207399,40.036772,msg_app|msg_app|msg_app
329,214.9447,0.237546,34.634210,msg_app|msg_app|msg_app
330,211.4726,0.100853,25.502370,msg_app|msg_app|msg_app
331,212.0739,0.194320,24.917164,msg_app|msg_app|msg_app
332,211.5715,0.176629,36.532593,msg_app|msg_app|clean
333,212.5730,0.056588,15.022839,blur|blur|blur
334,212.1799,0.087086,21.585446,blur|blur|blur
335,214.5967,0.060100,14.487192,occlusion|downup50|blur
336,212.9148,0.051434,7.807524,clean|jpeg|jpeg
337,213.6963,0.086717,15.408471,jpeg|jpeg|jpeg
338,212.6501,0.035467,17.152792,jpeg|jpeg|jpeg
339,212.3695,0.035100,9.540672,jpeg|clean|jpeg
340,212.7206,0.019148,15.636150,jpeg|occlusion|downup50
341,216.6598,0.005458,17.832000,clean|jpeg|occlusion
342,213.6825,0.159149,31.246358,jpeg|msg_app|blur
343,212.3765,0.055734,8.431500,blur|downup50|clean
344,211.9485,0.190672,25.685936,occlusion|downup50|crop
345,211.6813,0.058913,18.659866,blur|blur|downup50
346,211.9960,0.013584,13.816044,clean|downup50|clean
347,212.9558,0.115509,26.507619,jpeg|msg_app|jpeg
348,228.8225,0.022783,21.451785,downup50|clean|blur
349,234.8019,0.110144,22.517767,blur|msg_app|blur
350,234.7796,0.019073,14.447608,occlusion|clean|occlusion
351,228.0880,0.094437,21.903955,blur|msg_app|blur
352,225.5160,0.190171,29.123993,occlusion|crop|downup50
353,223.1702,0.064832,9.701214,jpeg|occlusion|jpeg
354,223.4398,0.121859,57.457854,msg_app|msg_app|msg_app
355,217.7734,0.085377,35.963690,msg_app|clean|downup50
356,217.0301,0.096817,19.558120,msg_app|msg_app|blur
357,223.4942,0.032910,16.906374,occlusion|blur|downup50
358,220.2748,0.001632,1.479497,clean|occlusion|clean
359,223.5964,0.132746,40.259779,msg_app|msg_app|msg_app
360,225.0770,0.012876,18.623484,occlusion|blur|clean
361,222.2635,0.002085,7.314779,downup50|occlusion|clean
362,228.2181,0.018824,15.462048,downup50|blur|jpeg
363,228.6031,0.068617,19.266936,occlusion|blur|clean
364,221.6368,0.043425,27.891351,jpeg|jpeg|jpeg
365,227.4056,0.049801,21.515403,downup50|msg_app|occlusion
366,241.0588,0.004371,11.952976,downup50|clean|occlusion
367,229.9268,0.335973,33.315172,crop|msg_app|downup50
368,228.0049,0.105370,17.292056,clean|jpeg|jpeg
369,222.5934,0.013426,2.848369,occlusion|downup50|clean
370,217.8362,0.339672,44.466542,crop|crop|crop
371,220.7668,0.360648,39.680125,crop|crop|crop
372,223.1988,0.007450,3.956430,occlusion|clean|downup50
373,224.1784,0.023454,22.731435,blur|occlusion|blur
374,233.0467,0.085326,11.198721,clean|blur|downup50
375,233.8138,0.307070,33.610372,occlusion|crop|crop
376,234.9182,0.348896,29.500198,crop|crop|crop
377,233.1225,0.022518,2.619488,clean|downup50|clean
378,223.7208,0.331365,34.419281,crop|crop|crop
379,228.1337,0.052896,10.811356,clean|downup50|blur
380,225.2283,0.231247,22.790802,crop|crop|crop
381,218.6026,0.289244,27.032777,crop|crop|crop
382,213.5597,0.207401,19.331048,crop|crop|crop
383,216.2255,0.174278,20.307276,crop|crop|crop
384,230.0577,0.117996,18.335743,crop|crop|crop
385,228.0464,0.203163,14.495988,crop|jpeg|clean
386,227.8324,0.108327,7.448270,downup50|blur|clean
387,219.3348,0.097985,15.660137,downup50|occlusion|jpeg
388,225.7159,0.015072,4.403560,downup50|clean|occlusion
389,222.0158,0.185935,33.375213,occlusion|occlusion|msg_app
390,222.0663,0.024874,9.157025,clean|downup50|occlusion
391,222.2380,0.119075,9.704971,occlusion|crop|downup50
392,224.0584,0.118548,16.329521,clean|crop|jpeg
393,227.0292,0.069866,4.438773,jpeg|occlusion|clean
394,232.9434,0.049656,8.727459,occlusion|jpeg|occlusion
395,227.2871,0.124150,10.142040,downup50|blur|occlusion
396,218.3205,0.052960,4.055277,jpeg|clean|downup50
397,219.2915,0.059924,10.098257,jpeg|jpeg|jpeg
398,224.0794,0.072499,10.566913,jpeg|jpeg|jpeg
399,227.0970,0.039791,10.561231,jpeg|jpeg|clean
400,230.7509,0.136040,15.196429,jpeg|occlusion|crop
401,219.3786,0.032133,9.371247,jpeg|downup50|clean
402,210.2619,0.006197,5.204142,downup50|downup50|clean
403,208.5907,0.010702,2.238965,downup50|occlusion|downup50
404,206.0954,0.019456,12.434661,jpeg|jpeg|jpeg
405,209.7837,0.013775,2.190177,clean|occlusion|downup50
406,206.9086,0.047705,9.260210,jpeg|clean|msg_app
407,207.2075,0.168738,33.669407,msg_app|msg_app|msg_app
408,208.2856,0.214551,35.270309,msg_app|msg_app|occlusion
409,210.9003,0.035306,11.634609,downup50|clean|jpeg
410,207.1009,0.028709,6.034370,occlusion|clean|downup50
411,207.8809,0.181638,36.555577,msg_app|msg_app|crop
412,202.9383,0.341910,39.039123,crop|crop|occlusion
413,203.0176,0.063841,14.521214,blur|blur|blur
414,203.1439,0.105554,12.307216,blur|blur|blur
415,202.9415,0.200627,17.805974,blur|occlusion|msg_app
416,202.4761,0.030456,17.594252,downup50|jpeg|clean
417,203.1291,0.078797,20.473879,occlusion|msg_app|msg_app
418,203.3004,0.171369,34.387437,msg_app|msg_app|msg_app
419,203.1246,0.183496,23.909347,msg_app|msg_app|downup50
420,203.7484,0.015630,12.586679,occlusion|clean|jpeg
421,203.3623,0.025873,5.442540,jpeg|downup50|occlusion
422,203.1652,0.025898,23.443402,clean|msg_app|msg_app
423,203.4938,0.236809,25.997564,msg_app|msg_app|downup50
424,203.2478,0.005785,4.269137,clean|downup50|occlusion
425,202.9623,0.025336,14.025640,jpeg|clean|downup50
426,202.8239,0.010459,2.154059,occlusion|clean|downup50
427,203.1480,0.099188,39.581087,blur|blur|blur
428,202.7779,0.088237,7.188977,blur|blur|blur
429,203.3707,0.118030,31.678255,blur|blur|blur
430,203.0382,0.017544,11.912505,clean|jpeg|downup50
431,202.8711,0.011397,20.310070,occlusion|jpeg|occlusion
432,202.6579,0.003355,7.710733,downup50|clean|jpeg
433,203.6305,0.041109,5.284061,occlusion|jpeg|blur
434,203.1517,0.009657,20.136210,downup50|clean|blur
435,203.6495,0.051214,15.518650,blur|blur|blur
436,203.6329,0.035967,7.027984,blur|blur|blur
437,203.0839,0.178039,15.459217,blur|jpeg|occlusion
438,203.0252,0.003178,1.526934,clean|downup50|occlusion
439,203.3788,0.165163,29.751407,msg_app|msg_app|msg_app
440,203.0889,0.112095,21.306977,msg_app|msg_app|msg_app
441,203.6831,0.232875,33.630002,msg_app|msg_app|msg_app
442,203.1317,0.025912,11.464149,clean|jpeg|downup50
443,203.1862,0.023595,3.883268,occlusion|clean|downup50
444,203.2770,0.111744,19.574078,occlusion|clean|jpeg
445,203.0619,0.002206,18.134749,clean|downup50|jpeg
446,202.7341,0.020920,3.477840,jpeg|clean|downup50
447,202.9972,0.006514,4.646872,clean|downup50|jpeg
448,203.4669,0.014411,7.055834,clean|downup50|jpeg
449,202.9772,0.144181,40.654098,crop|crop|crop
450,203.2855,0.325660,38.362560,crop|crop|crop
451,203.1588,0.395524,41.648232,crop|crop|crop
452,202.9629,0.172959,19.654552,msg_app|downup50|clean
453,203.1893,0.016472,3.096947,jpeg|downup50|clean
454,202.5763,0.019223,3.414468,jpeg|downup50|clean
455,203.3507,0.045361,6.482331,downup50|jpeg|clean
456,202.8916,0.004646,1.358982,occlusion|occlusion|occlusion
457,203.6378,0.009097,2.049182,occlusion|occlusion|occlusion
458,202.5131,0.010682,1.353046,occlusion|occlusion|occlusion
459,203.0628,0.016697,6.991304,clean|downup50|blur
460,203.5499,0.092434,18.399814,blur|blur|occlusion
461,202.6402,0.044294,3.669648,downup50|clean|blur
462,203.7361,0.051651,6.413879,blur|blur|blur
463,203.3324,0.111166,14.677324,blur|occlusion|downup50
464,203.3467,0.062747,11.448686,jpeg|downup50|blur
465,203.9222,0.037575,11.338546,blur|blur|blur
466,203.7901,0.101740,8.773124,blur|downup50|blur
467,204.4650,0.037929,10.154355,occlusion|blur|blur
468,203.4135,0.084551,19.371406,blur|clean|msg_app
469,203.5317,0.150688,31.749730,msg_app|msg_app|msg_app
470,203.2485,0.199701,15.323535,msg_app|msg_app|clean
471,203.7662,0.038982,14.771807,blur|occlusion|occlusion
472,203.3884,0.021894,8.405618,clean|jpeg|occlusion
473,203.3500,0.078620,15.032389,jpeg|msg_app|msg_app
474,203.6506,0.077569,21.617752,msg_app|msg_app|msg_app
475,203.2111,0.082084,22.686035,msg_app|msg_app|msg_app
476,203.5043,0.157880,10.561471,msg_app|clean|occlusion
477,202.9635,0.049512,6.990274,clean|occlusion|jpeg
478,203.7925,0.064028,17.300838,occlusion|clean|blur
479,203.4159,0.002517,5.725148,downup50|downup50|clean
480,203.3368,0.008267,1.268841,downup50|downup50|clean
481,204.3146,0.223130,26.581059,crop|downup50|blur
482,203.4143,0.072090,10.404153,msg_app|downup50|clean
483,203.8380,0.026809,11.797145,jpeg|jpeg|jpeg
484,203.2056,0.011653,14.271116,jpeg|jpeg|jpeg
485,203.5762,0.031496,4.341205,jpeg|jpeg|downup50
486,203.7732,0.029421,5.829851,jpeg|jpeg|blur
487,203.6375,0.026933,21.992752,blur|blur|blur
488,204.3922,0.005733,16.158853,blur|blur|clean
489,203.7514,0.066731,28.056353,downup50|blur|msg_app
490,204.0702,0.100313,18.445654,msg_app|msg_app|msg_app
491,203.8034,0.160794,16.588905,msg_app|msg_app|msg_app
492,203.8586,0.002343,3.379418,clean|occlusion|occlusion
493,203.7832,0.003469,6.824796,downup50|occlusion|occlusion
494,203.4476,0.006904,1.383657,clean|occlusion|downup50
495,204.1435,0.009744,10.361790,jpeg|jpeg|clean
496,203.3470,0.003600,20.826519,downup50|jpeg|occlusion
497,203.8268,0.011676,17.374538,jpeg|clean|blur
498,204.0546,0.008191,1.244961,occlusion|blur|downup50
499,204.2655,0.151857,26.341620,msg_app|msg_app|msg_app
500,203.8355,0.012207,14.750583,clean|jpeg|occlusion
501,203.5865,0.096156,8.374291,blur|downup50|clean
502,203.2423,0.260879,39.705311,occlusion|crop|jpeg
503,203.5232,0.003864,14.944605,occlusion|clean|jpeg
504,203.8442,0.002017,13.662852,occlusion|clean|jpeg
505,205.0195,0.025199,3.798787,occlusion|jpeg|clean
506,203.6954,0.079770,12.111884,occlusion|clean|blur
507,204.2423,0.081791,21.016939,msg_app|msg_app|msg_app
508,204.0398,0.113467,21.123886,msg_app|msg_app|occlusion
509,203.6104,0.062812,17.704187,msg_app|clean|clean
510,203.4079,0.020398,25.144302,jpeg|downup50|downup50
511,203.4055,0.002975,3.720644,downup50|downup50|downup50
512,203.0639,0.005168,8.447018,downup50|clean|downup50
513,203.5299,0.012518,19.455082,downup50|clean|msg_app
514,203.8948,0.086566,31.709442,msg_app|msg_app|jpeg
515,203.0281,0.057222,21.908096,msg_app|msg_app|msg_app
516,203.4230,0.063142,18.847762,msg_app|occlusion|jpeg
517,203.6438,0.004143,2.662632,downup50|jpeg|occlusion
518,203.5115,0.009458,3.490688,clean|jpeg|occlusion
519,203.5843,0.032768,11.667812,downup50|occlusion|clean
520,203.7669,0.114937,8.513967,downup50|jpeg|clean
521,204.0580,0.019367,27.138270,downup50|msg_app|msg_app
522,204.0289,0.041592,35.939178,msg_app|msg_app|msg_app
523,204.0599,0.144603,25.051453,msg_app|downup50|blur
524,204.5853,0.018820,2.177275,blur|blur|blur
525,204.2132,0.080007,34.351997,blur|clean|crop
526,203.7701,0.433729,46.304198,crop|crop|crop
527,203.1058,0.365286,41.976729,crop|crop|crop
528,203.6605,0.256442,33.742551,crop|crop|crop
529,203.3560,0.251718,34.318777,crop|crop|crop
530,203.2938,0.609382,42.780547,crop|crop|crop
531,203.5496,0.311295,49.399791,crop|crop|crop
532,203.5387,0.230755,31.911277,crop|crop|crop
533,203.9738,0.237586,21.718472,crop|crop|crop
534,204.5910,0.417114,14.735942,crop|crop|crop
535,204.5253,0.190083,15.401089,crop|crop|crop
536,203.2342,0.118335,24.272974,crop|crop|crop
537,204.5197,0.191292,26.287053,crop|crop|crop
538,203.5427,0.307717,11.600956,crop|crop|crop
539,203.0773,0.216879,12.183827,crop|crop|crop
540,203.5201,0.075195,7.869809,clean|blur|occlusion
541,202.9872,0.175235,9.923804,crop|crop|crop
542,202.9829,0.171374,9.485928,crop|crop|crop
543,203.6177,0.140237,5.809149,downup50|occlusion|crop
544,203.9764,0.084845,12.128652,clean|blur|occlusion
545,203.9892,0.036702,11.010351,clean|occlusion|occlusion
546,203.7163,0.008915,5.291651,occlusion|occlusion|occlusion
547,203.8270,0.045481,3.338490,occlusion|occlusion|downup50
548,203.4791,0.006521,1.292213,clean|clean|clean
549,203.8327,0.159076,40.772738,crop|clean|blur
550,203.2988,0.062411,25.542853,occlusion|clean|crop
551,203.1744,0.159505,26.433703,crop|crop|crop
552,203.7643,0.144196,9.542528,crop|downup50|downup50
553,203.2021,0.016390,4.347138,downup50|downup50|downup50
554,203.4336,0.232049,18.478152,downup50|clean|msg_app
555,203.4341,0.049159,4.889055,jpeg|jpeg|jpeg
556,205.2926,0.077291,8.041993,jpeg|occlusion|clean
557,204.8116,0.046672,16.164823,clean|occlusion|clean
558,205.3705,0.007644,2.644571,downup50|downup50|downup50
559,204.4009,0.017861,2.905807,downup50|clean|clean
560,204.4998,0.068613,14.335532,downup50|clean|jpeg
561,204.9555,0.030141,6.050553,clean|clean|blur
562,204.9602,0.122888,13.551536,blur|downup50|downup50
563,204.9369,0.010162,2.506837,downup50|downup50|clean
564,205.0197,0.048564,8.356280,occlusion|occlusion|occlusion
565,204.9919,0.015443,6.666175,clean|downup50|downup50
566,204.9507,0.036645,13.680259,jpeg|jpeg|jpeg
567,205.3133,0.064419,16.504625,jpeg|jpeg|jpeg
568,205.0607,0.040032,11.744614,jpeg|jpeg|jpeg
569,204.7742,0.038507,5.018868,jpeg|jpeg|jpeg
570,205.7265,0.016485,12.108883,jpeg|jpeg|jpeg
571,205.5690,0.110300,14.943013,jpeg|jpeg|jpeg
572,206.2234,0.070136,29.949048,downup50|clean|crop
573,205.0651,0.084655,12.865431,crop|clean|downup50
574,204.5034,0.013160,1.681349,occlusion|occlusion|occlusion
575,205.4363,0.031720,4.783489,occlusion|occlusion|clean
576,207.7134,0.015636,2.938738,occlusion|downup50|downup50
577,208.2237,0.031534,3.719450,clean|occlusion|occlusion
578,206.2762,0.045404,17.324112,downup50|clean|crop
579,205.7522,0.123288,19.497962,crop|downup50|clean
580,205.1078,0.002810,0.514460,downup50|clean|occlusion
581,209.7202,0.001892,2.266297,occlusion|occlusion|occlusion
582,215.5433,0.001335,0.408589,occlusion|occlusion|occlusion
583,215.4091,0.001808,6.768616,downup50|occlusion|clean
584,216.3375,0.090243,33.954795,blur|blur|blur
585,216.3923,0.015701,10.410353,blur|blur|blur
586,214.8149,0.082606,13.883237,blur|blur|blur
587,218.3986,0.030225,11.474757,blur|blur|blur
588,217.2878,0.031793,15.127961,blur|blur|blur
589,215.1364,0.023805,12.319907,blur|blur|blur
590,220.0190,0.024941,21.691733,blur|blur|blur
591,217.8397,0.008532,9.486610,blur|blur|blur
592,222.7738,0.014209,5.943388,blur|blur|blur
593,228.0376,0.013089,3.407229,blur|downup50|occlusion
594,224.8721,0.005259,2.914616,clean|blur|downup50
595,222.8150,0.011509,15.640355,occlusion|clean|blur
596,222.2535,0.001492,1.148743,occlusion|downup50|clean
597,224.8366,0.267288,34.430445,crop|crop|occlusion
598,216.4689,0.014467,4.840147,downup50|clean|blur
599,210.8561,0.018466,15.199685,jpeg|jpeg|jpeg
600,209.8636,0.057734,5.974333,jpeg|jpeg|downup50
601,214.7867,0.056828,6.975348,clean|jpeg|occlusion
602,211.8794,0.022015,5.913805,clean|blur|downup50
603,214.2752,0.134414,13.839305,msg_app|msg_app|clean
604,212.8405,0.121985,14.951508,downup50|msg_app|msg_app
605,212.4588,0.217348,8.894404,msg_app|msg_app|occlusion
606,212.2044,0.022793,2.156328,downup50|clean|occlusion
607,207.0164,0.027531,2.948577,blur|clean|occlusion
608,204.9047,0.106230,10.573186,jpeg|clean|blur
609,204.7575,0.011687,2.127526,blur|clean|downup50
610,206.3674,0.004549,3.173381,occlusion|downup50|blur
611,209.2768,0.097612,5.887646,occlusion|blur|clean
612,214.4566,0.007037,2.367293,downup50|occlusion|downup50
613,208.9040,0.001710,3.401266,clean|downup50|occlusion
614,206.3559,0.007065,0.717957,clean|downup50|occlusion
615,210.0210,0.001964,1.019077,clean|downup50|clean
616,210.0603,0.002933,0.738107,occlusion|downup50|occlusion
617,207.7348,0.047779,32.312133,msg_app|msg_app|msg_app
618,212.8507,0.143713,18.554071,msg_app|msg_app|msg_app
619,211.1185,0.123677,11.238551,msg_app|msg_app|msg_app
620,214.7745,0.045402,20.059374,msg_app|msg_app|msg_app
621,210.7598,0.076262,20.540383,msg_app|msg_app|msg_app
622,225.0262,0.078926,21.368594,msg_app|msg_app|msg_app
623,213.4892,0.109171,11.919689,msg_app|msg_app|msg_app
624,206.2589,0.038317,12.279076,msg_app|msg_app|msg_app
625,212.3288,0.119410,29.388558,msg_app|msg_app|msg_app
626,209.3498,0.036959,15.663181,msg_app|msg_app|msg_app
627,212.6724,0.078291,23.887834,msg_app|msg_app|msg_app
628,206.5427,0.020616,6.965028,clean|downup50|occlusion
629,207.0804,0.003722,2.340713,downup50|clean|downup50
630,207.7566,0.066088,15.891913,msg_app|clean|downup50
631,205.8801,0.004001,0.564369,clean|occlusion|downup50
632,208.9715,0.101989,42.551537,occlusion|crop|crop
633,203.7175,0.259683,36.174560,crop|crop|crop
634,203.6291,0.236851,32.223212,crop|crop|crop
635,203.3242,0.173339,21.840565,crop|clean|jpeg
636,204.0333,0.062164,8.764092,jpeg|jpeg|jpeg
637,209.0165,0.028372,15.446456,jpeg|jpeg|jpeg
638,209.3491,0.070613,11.923011,jpeg|jpeg|jpeg
639,207.0124,0.056194,9.532011,jpeg|jpeg|jpeg
640,204.4448,0.042106,5.374865,jpeg|jpeg|jpeg
641,205.2834,0.017524,11.741168,jpeg|jpeg|jpeg
642,204.5402,0.051284,6.372607,jpeg|clean|downup50
643,205.0310,0.033047,3.290229,jpeg|clean|jpeg
644,204.5731,0.053350,3.453282,occlusion|clean|downup50
645,204.8585,0.026764,8.132322,jpeg|jpeg|jpeg
646,204.5919,0.031966,9.372981,clean|jpeg|jpeg
647,205.3591,0.016773,10.678623,downup50|blur|blur
648,205.2739,0.039599,4.013965,blur|blur|blur
649,205.4035,0.051727,5.461368,blur|blur|blur
650,205.7114,0.015676,14.896977,blur|blur|blur
651,205.5137,0.022344,13.426841,blur|blur|blur
652,204.9696,0.048032,4.490522,blur|clean|downup50
653,205.2650,0.330693,18.197227,msg_app|msg_app|crop
654,204.8318,0.005731,8.626314,clean|clean|jpeg
655,205.8786,0.034180,16.033536,jpeg|blur|clean
656,205.3995,0.005518,8.454080,blur|blur|blur
657,205.4643,0.011001,1.329547,blur|clean|downup50
658,205.3494,0.001144,0.402721,downup50|downup50|downup50
659,205.4585,0.010904,10.153696,jpeg|jpeg|jpeg
660,205.3965,0.007173,10.526736,jpeg|jpeg|clean
661,205.1027,0.007659,1.895754,blur|downup50|occlusion
662,205.7321,0.006651,8.824676,occlusion|occlusion|occlusion
663,205.5041,0.001249,1.724785,occlusion|occlusion|occlusion
664,204.7448,0.008680,1.662360,occlusion|occlusion|occlusion
665,204.7019,0.057406,21.434209,occlusion|occlusion|jpeg
666,205.1054,0.261997,43.560810,crop|crop|crop
667,204.8591,0.190810,19.157079,crop|downup50|clean
668,204.9147,0.160769,15.501605,occlusion|blur|downup50
669,205.1486,0.000815,0.128703,clean|occlusion|downup50
670,204.7803,0.000717,0.423596,clean|occlusion|downup50
671,204.8567,0.002194,0.357831,clean|downup50|occlusion
672,204.3103,0.002410,0.984410,clean|occlusion|downup50
673,205.0348,0.003290,0.856196,clean|downup50|occlusion
674,204.9657,0.002067,0.792034,downup50|clean|occlusion
675,205.0530,0.002056,0.248479,downup50|clean|occlusion
676,204.7295,0.024361,17.048108,downup50|clean|crop
677,204.8513,0.329254,25.586706,crop|crop|occlusion
678,205.2215,0.024090,3.824706,clean|downup50|jpeg
679,205.1051,0.001831,0.307336,occlusion|clean|downup50
680,205.6546,0.047973,5.422785,jpeg|clean|downup50
681,205.1944,0.048914,24.519364,occlusion|crop|crop
682,205.1783,0.135594,27.170841,crop|crop|crop
683,205.6548,0.122982,29.280233,crop|crop|crop
684,205.3328,0.235825,32.294206,crop|crop|crop
685,205.8407,0.281003,17.205560,crop|crop|crop
686,205.1492,0.170636,12.804547,crop|clean|occlusion
687,204.3500,0.026416,13.370092,downup50|clean|crop
688,204.1877,0.308226,18.692182,crop|crop|crop
689,204.4787,0.188605,10.339222,downup50|occlusion|crop
690,204.2216,0.042124,18.272193,clean|jpeg|downup50
691,204.1996,0.052175,5.638853,clean|jpeg|occlusion
692,204.1282,0.016101,1.742856,downup50|clean|occlusion
693,204.7974,0.117768,20.528919,msg_app|clean|clean
694,204.1285,0.048591,12.405458,occlusion|downup50|jpeg
695,204.4040,0.010110,1.032044,downup50|clean|occlusion
696,204.7529,0.010782,2.684350,clean|occlusion|downup50
697,204.6927,0.024257,1.806463,occlusion|clean|downup50
698,204.3400,0.072443,13.027954,jpeg|jpeg|downup50
699,204.5143,0.020223,2.236791,downup50|clean|downup50
700,204.3331,0.021322,3.160027,occlusion|downup50|downup50
701,203.6531,0.225401,14.364679,clean|crop|crop
702,204.2190,0.005047,1.196339,clean|clean|occlusion
703,204.3178,0.007285,1.751901,occlusion|clean|occlusion
704,204.0579,0.025590,7.721597,jpeg|jpeg|jpeg
705,204.0299,0.058545,8.431580,jpeg|jpeg|jpeg
706,204.1638,0.031455,7.045397,jpeg|jpeg|jpeg
707,204.2135,0.083838,12.418394,jpeg|jpeg|jpeg
708,204.2335,0.011004,2.603467,occlusion|clean|downup50
709,204.4018,0.030813,5.994710,blur|blur|blur
710,204.3039,0.020531,9.397684,blur|blur|blur
711,204.4558,0.023171,13.436044,blur|blur|blur
712,204.5943,0.074775,11.934004,blur|blur|blur
713,206.2124,0.023687,3.955202,blur|blur|blur
714,204.5293,0.040192,6.585506,blur|blur|blur
715,204.4597,0.041282,4.395434,blur|blur|blur
716,204.5546,0.028244,13.788400,blur|blur|blur
717,204.6233,0.010929,4.364511,blur|blur|blur
718,204.6091,0.015408,5.266806,blur|occlusion|blur
719,204.1707,0.005282,1.156234,occlusion|downup50|downup50
720,204.7146,0.024877,15.396598,downup50|msg_app|msg_app
721,204.5738,0.143881,18.755421,msg_app|msg_app|msg_app
722,204.1313,0.101753,30.187520,msg_app|msg_app|msg_app
723,204.5274,0.195285,34.976709,msg_app|msg_app|msg_app
724,204.2990,0.018207,22.529958,msg_app|msg_app|msg_app
725,204.5257,0.064074,40.684232,msg_app|msg_app|msg_app
726,204.2988,0.082346,14.386674,msg_app|msg_app|msg_app
727,204.1340,0.119414,26.803220,msg_app|msg_app|msg_app
728,204.1492,0.071877,18.621307,msg_app|msg_app|msg_app
729,203.7648,0.104689,14.696319,msg_app|msg_app|msg_app
730,203.8330,0.053944,13.991421,msg_app|clean|occlusion
731,203.7493,0.001148,0.732083,downup50|occlusion|clean
732,203.6910,0.008932,15.504663,blur|blur|occlusion
733,203.9228,0.065625,37.948093,msg_app|msg_app|msg_app
734,204.1401,0.026676,36.109782,msg_app|msg_app|msg_app
735,204.2975,0.009419,16.067610,msg_app|msg_app|msg_app
736,204.1113,0.123102,13.295597,msg_app|downup50|clean
737,204.0420,0.006585,1.713993,occlusion|clean|downup50
738,204.0171,0.464575,28.742343,jpeg|crop|blur
739,204.5409,0.001029,6.177123,clean|downup50|clean
740,203.8355,0.021378,2.901345,downup50|occlusion|jpeg
741,203.9163,0.023973,29.461249,jpeg|jpeg|jpeg
742,203.5193,0.074450,17.820080,jpeg|jpeg|jpeg
743,204.4808,0.000684,0.755105,occlusion|clean|downup50
744,204.4559,0.004257,1.178736,occlusion|clean|downup50
745,204.3488,0.001128,1.859975,occlusion|clean|downup50
746,204.0081,0.001860,2.178237,occlusion|clean|occlusion
747,204.6931,0.019990,18.438476,downup50|jpeg|jpeg
748,204.5650,0.037427,21.499324,jpeg|jpeg|jpeg
749,204.4369,0.045956,12.650347,clean|jpeg|jpeg
750,205.2124,0.001224,0.799885,occlusion|downup50|clean
751,208.7963,0.001555,0.266503,occlusion|downup50|clean
752,210.3552,0.002979,0.730005,occlusion|downup50|clean
753,212.3760,0.000878,0.257362,occlusion|downup50|clean
754,213.5730,0.121855,27.986728,msg_app|occlusion|downup50
755,217.6666,0.011385,9.304428,clean|occlusion|jpeg
756,212.6268,0.004441,17.828225,jpeg|jpeg|jpeg
757,214.8739,0.003092,5.136512,jpeg|jpeg|jpeg
758,214.2842,0.030786,14.633733,jpeg|jpeg|downup50
759,209.4163,0.002205,0.464955,clean|occlusion|downup50
760,210.8820,0.000400,0.103464,clean|occlusion|clean
761,213.1116,0.005548,1.849305,downup50|jpeg|jpeg
762,212.8646,0.008053,2.131605,occlusion|jpeg|blur
763,213.9967,0.017584,7.420432,blur|blur|blur
764,216.5797,0.018227,12.378586,blur|blur|blur
765,212.6810,0.008335,16.338810,blur|blur|blur
766,210.9534,0.035124,23.296445,blur|blur|blur
767,211.6233,0.003393,3.120192,clean|downup50|jpeg
768,210.0837,0.000656,0.164703,occlusion|downup50|clean
769,212.7074,0.007955,8.442241,jpeg|occlusion|downup50
770,208.7826,0.142207,7.629570,blur|blur|clean
771,209.9783,0.191992,35.136676,occlusion|jpeg|crop
772,209.8044,0.000605,0.158386,downup50|clean|occlusion
773,210.1935,0.001092,1.095869,downup50|clean|occlusion
774,210.6279,0.006679,1.426194,clean|downup50|occlusion
775,210.3629,0.029325,3.095712,clean|downup50|occlusion
776,216.0294,0.187307,22.465484,jpeg|occlusion|clean
777,207.9017,0.000842,0.076935,clean|occlusion|clean
778,210.8663,0.003893,0.628850,occlusion|clean|clean
779,214.4344,0.005920,5.163807,occlusion|downup50|downup50
780,218.7536,0.002185,0.416787,occlusion|clean|downup50
781,213.1715,0.176310,31.747053,downup50|downup50|msg_app
782,211.8699,0.000688,0.125740,clean|occlusion|downup50
783,207.2526,0.000672,6.010323,downup50|clean|occlusion
784,206.9071,0.006210,1.969850,downup50|downup50|occlusion
785,208.9530,0.006796,1.985351,clean|occlusion|downup50
786,211.9738,0.004812,2.260215,occlusion|clean|downup50
787,217.2452,0.006036,5.370737,occlusion|clean|downup50
788,216.7597,0.026872,4.782041,clean|downup50|downup50
789,219.9945,0.009789,21.939078,occlusion|occlusion|downup50
790,215.9454,0.001741,0.262340,downup50|downup50|occlusion
791,219.4814,0.001545,1.066534,occlusion|downup50|occlusion
792,218.7926,0.000421,0.051024,clean|clean|clean
793,217.1282,0.003531,0.851041,clean|clean|downup50
794,215.8484,0.005287,1.272549,clean|occlusion|clean
795,135.7904,0.117613,15.580144,clean|downup50|crop
796,123.6152,0.096828,22.128936,crop|crop|crop
797,119.6930,0.409917,30.057791,crop|crop|crop
798,122.0132,0.473907,39.101368,crop|crop|crop
799,120.9156,0.467672,34.311761,crop|crop|occlusion
800,210.6617,0.001449,0.168204,clean|downup50|occlusion
801,218.1335,0.001533,0.726505,downup50|clean|occlusion
802,219.0311,0.209649,12.178718,crop|downup50|occlusion
803,219.3255,0.001967,1.967913,clean|occlusion|downup50
804,212.5977,0.003060,0.587652,clean|occlusion|downup50
805,212.7651,0.108805,21.395829,blur|blur|blur
806,211.8886,0.004094,7.744874,clean|occlusion|downup50
807,215.0046,0.012190,2.729689,clean|occlusion|blur
808,210.7276,0.043017,6.289397,blur|blur|blur
809,212.7575,0.033115,11.970205,blur|blur|blur
810,214.3893,0.053179,10.352184,blur|blur|blur
811,214.0178,0.028786,3.886636,blur|blur|blur
812,212.1977,0.024452,6.703926,blur|blur|blur
813,220.9627,0.045385,3.059697,blur|blur|blur
814,227.2195,0.017421,7.359318,blur|blur|blur
815,227.8365,0.030664,7.848218,blur|blur|blur
816,231.5126,0.017050,3.202143,blur|blur|blur
817,228.6123,0.024220,3.099892,blur|blur|downup50
818,227.7077,0.004753,1.204279,occlusion|downup50|clean
819,228.9337,0.004689,11.040885,occlusion|blur|blur
820,230.3902,0.020602,4.845425,blur|clean|occlusion
821,228.4469,0.250547,30.266259,blur|crop|crop
822,228.7018,0.152015,21.296847,crop|crop|crop
823,226.9136,0.245187,30.969234,crop|crop|crop
824,225.6628,0.337716,40.314832,crop|crop|crop
825,223.3779,0.235250,23.373677,crop|crop|crop
826,227.3414,0.223096,24.791177,crop|crop|crop
827,226.8282,0.232111,26.583052,crop|crop|crop
828,224.2566,0.233112,25.785262,crop|crop|crop
829,222.9719,0.225114,21.131593,crop|crop|crop
830,219.5966,0.161058,26.509415,crop|crop|crop
831,218.7619,0.237889,23.572233,crop|crop|crop
832,216.5594,0.224056,16.720004,crop|crop|crop
833,216.2141,0.202480,11.894769,crop|crop|crop
834,214.6024,0.157788,12.525453,crop|crop|crop
835,215.3407,0.220875,14.865828,crop|crop|crop
836,214.6011,0.114025,14.519887,crop|crop|crop
837,214.9086,0.085112,14.976356,crop|crop|crop
838,222.7156,0.175288,8.855483,crop|crop|crop
839,227.2015,0.209246,7.303831,crop|crop|downup50
840,220.9937,0.171389,12.099192,blur|occlusion|clean
841,223.1018,0.138223,9.239112,crop|crop|clean
842,220.9713,0.098052,6.846324,occlusion|crop|occlusion
843,220.8426,0.154328,39.229012,msg_app|msg_app|msg_app
844,227.2742,0.277601,39.606614,msg_app|clean|downup50
845,225.1097,0.090042,4.202668,occlusion|occlusion|crop
846,224.3862,0.230585,13.618265,crop|msg_app|occlusion
847,225.8970,0.091621,10.711564,occlusion|msg_app|msg_app
848,222.5081,0.167127,8.666080,msg_app|msg_app|msg_app
849,225.8305,0.189495,22.232373,msg_app|msg_app|msg_app
850,225.5629,0.069474,9.782461,msg_app|msg_app|msg_app
851,228.5815,0.119013,10.961647,msg_app|msg_app|msg_app
852,227.7577,0.049805,16.589127,msg_app|msg_app|msg_app
853,228.3435,0.089857,21.273180,msg_app|msg_app|msg_app
854,226.7354,0.117514,11.302006,msg_app|msg_app|msg_app
855,215.8305,0.084813,10.472884,msg_app|msg_app|msg_app
856,212.4358,0.027063,10.167714,msg_app|msg_app|msg_app
857,213.1614,0.154402,14.567409,msg_app|msg_app|msg_app
858,217.0339,0.120361,16.313653,msg_app|msg_app|msg_app
859,210.1505,0.058768,22.301350,msg_app|msg_app|msg_app
860,212.4878,0.202859,6.691133,msg_app|occlusion|occlusion
861,210.5757,0.000675,6.725883,occlusion|occlusion|occlusion
862,211.6002,0.001129,0.144112,occlusion|occlusion|occlusion
863,213.5401,0.002470,0.534181,occlusion|occlusion|occlusion
864,209.2627,0.154233,11.243203,occlusion|jpeg|jpeg
865,211.9991,0.000212,0.121122,occlusion|clean|clean
866,211.4692,0.000861,0.543060,clean|clean|clean
867,212.3590,0.000478,0.247676,clean|clean|clean
868,213.6170,0.000235,0.067719,clean|clean|clean
869,217.7267,0.000156,0.134303,clean|clean|clean
870,216.8655,0.000277,0.097502,clean|clean|clean
871,215.2136,0.000262,0.032932,clean|clean|occlusion
872,215.9660,0.002382,3.220598,clean|occlusion|downup50
873,212.9390,0.001657,3.396149,downup50|downup50|downup50
874,214.5125,0.000978,0.191152,downup50|downup50|downup50
875,216.5974,0.001153,0.403810,downup50|downup50|downup50
876,211.6103,0.000625,1.668969,downup50|downup50|downup50
877,211.5894,0.001647,1.440719,downup50|downup50|downup50
878,212.4346,0.001181,1.920406,downup50|downup50|downup50
879,210.9287,0.170445,27.044109,downup50|downup50|crop
880,212.7493,0.001409,0.213506,clean|occlusion|downup50
881,211.6687,0.055284,5.611907,clean|occlusion|downup50
882,212.1581,0.002191,1.289312,clean|downup50|clean
883,213.5964,0.024160,8.997829,downup50|clean|downup50
884,212.8005,0.030842,4.323911,clean|jpeg|jpeg
885,216.1395,0.049847,22.151381,jpeg|jpeg|jpeg
886,212.8378,0.131215,11.139341,jpeg|jpeg|jpeg
887,217.3212,0.037626,7.753649,jpeg|jpeg|jpeg
888,216.2803,0.006682,17.751093,jpeg|jpeg|jpeg
889,215.4475,0.005339,18.118355,jpeg|jpeg|jpeg
890,213.4809,0.034985,22.002598,jpeg|jpeg|jpeg
891,213.0179,0.026151,13.623790,jpeg|jpeg|jpeg
892,214.2333,0.001728,7.319678,jpeg|jpeg|jpeg
893,214.3649,0.086856,6.200331,jpeg|jpeg|jpeg
894,216.4642,0.007838,4.188097,jpeg|jpeg|jpeg
895,216.9394,0.004811,1.186049,jpeg|jpeg|jpeg
896,215.5502,0.026465,7.368300,jpeg|jpeg|jpeg
897,212.3729,0.019309,17.006335,jpeg|jpeg|jpeg
898,212.4686,0.007955,4.382083,jpeg|jpeg|jpeg
899,213.3382,0.026990,8.676401,jpeg|jpeg|jpeg
900,216.5056,0.053457,11.795801,jpeg|jpeg|downup50
901,212.9904,0.000750,0.186784,downup50|downup50|downup50
902,215.1675,0.001491,7.676854,downup50|downup50|downup50
903,212.3581,0.032561,18.353563,msg_app|msg_app|msg_app
904,212.8049,0.107844,10.567667,msg_app|msg_app|msg_app
905,213.3156,0.029884,13.289690,msg_app|msg_app|msg_app
906,211.8895,0.097152,9.014553,msg_app|msg_app|msg_app
907,212.1969,0.156193,20.246431,msg_app|msg_app|msg_app
908,212.6207,0.108329,22.098828,msg_app|msg_app|msg_app
909,214.3095,0.034378,13.882679,msg_app|msg_app|msg_app
910,217.0188,0.034422,22.233082,msg_app|msg_app|msg_app
911,213.0451,0.024901,12.498856,msg_app|msg_app|msg_app
912,213.6958,0.065095,22.560935,msg_app|msg_app|msg_app
913,212.2614,0.059819,7.538638,msg_app|msg_app|msg_app
914,213.7599,0.066049,10.116755,msg_app|msg_app|msg_app
915,213.5288,0.119438,15.850034,msg_app|msg_app|downup50
916,214.6584,0.003714,0.514338,clean|clean|clean
917,212.9605,0.003592,2.015253,clean|clean|jpeg
918,213.0872,0.005139,5.228716,jpeg|jpeg|jpeg
919,215.1589,0.012109,6.243004,jpeg|jpeg|jpeg
920,212.6841,0.052651,5.272598,jpeg|clean|downup50
921,211.0377,0.000600,0.161405,clean|clean|downup50
922,210.5758,0.001895,0.387710,clean|downup50|occlusion
923,212.1413,0.000445,0.957172,occlusion|occlusion|occlusion
924,211.4735,0.000860,0.133482,occlusion|occlusion|occlusion
925,212.1659,0.000958,0.234537,occlusion|occlusion|occlusion
926,212.6417,0.001139,1.095321,occlusion|occlusion|occlusion
927,212.6996,0.021257,3.640378,occlusion|occlusion|clean
928,212.8067,0.000670,0.108559,downup50|clean|downup50
929,212.0905,0.000274,0.429183,clean|clean|downup50
930,211.8741,0.003299,0.967849,clean|downup50|clean
931,210.4403,0.000559,0.169273,downup50|clean|occlusion
932,212.4209,0.001024,2.502738,occlusion|occlusion|occlusion
933,212.9076,0.009121,5.698921,jpeg|jpeg|jpeg
934,211.5769,0.112325,9.394092,jpeg|occlusion|downup50
935,211.8091,0.045238,6.457516,blur|blur|blur
936,213.7425,0.005393,21.435141,blur|blur|blur
937,212.8308,0.022682,8.904082,blur|blur|blur
938,212.9898,0.012748,7.361223,blur|blur|blur
939,213.7502,0.010139,7.948481,blur|blur|blur
940,214.7094,0.019651,4.758046,blur|blur|blur
941,212.7524,0.030927,6.234650,blur|blur|blur
942,213.4796,0.002268,4.474507,blur|blur|blur
943,213.9680,0.001943,12.061237,blur|blur|blur
944,214.9559,0.005199,2.124856,blur|blur|blur
945,215.2421,0.034210,11.496437,blur|blur|blur
946,212.8291,0.003369,15.986194,blur|blur|blur
947,214.3653,0.278677,31.639438,blur|crop|clean
948,213.1749,0.006313,3.702955,occlusion|downup50|clean
949,210.6796,0.001121,0.197892,occlusion|occlusion|clean
950,211.8318,0.000578,1.463906,downup50|occlusion|clean
951,212.8073,0.000534,3.039465,downup50|occlusion|downup50
952,212.3177,0.000512,0.044154,clean|occlusion|downup50
953,211.6644,0.000513,0.129536,clean|occlusion|downup50
954,212.2101,0.006157,1.227319,occlusion|clean|downup50
955,211.7025,0.000225,0.412556,occlusion|clean|occlusion
956,212.2875,0.000363,0.407795,clean|downup50|occlusion
957,212.5787,0.000990,0.615719,clean|downup50|occlusion
958,212.8055,0.010233,2.151686,downup50|clean|downup50
959,212.2028,0.000443,0.065057,occlusion|clean|occlusion
960,213.0762,0.015266,42.807366,clean|msg_app|msg_app
961,212.0591,0.086273,22.317480,msg_app|msg_app|msg_app
962,212.7584,0.001905,17.125539,msg_app|msg_app|msg_app
963,212.3373,0.221636,15.687197,msg_app|occlusion|clean
964,213.0940,0.022849,4.272221,downup50|clean|occlusion
965,213.0862,0.310537,51.703969,crop|crop|crop
966,211.5726,0.130100,27.163748,crop|crop|crop
967,213.1860,0.333322,21.315309,crop|crop|crop
968,212.5466,0.381193,47.661989,crop|crop|crop
969,212.1513,0.272496,24.548360,crop|occlusion|downup50
970,213.2646,0.025262,4.371805,downup50|clean|occlusion
971,213.8344,0.009688,7.051469,occlusion|clean|occlusion
972,211.3648,0.019280,6.685629,occlusion|clean|downup50
973,211.5058,0.008612,17.348614,clean|clean|jpeg
974,211.7384,0.028502,11.004608,jpeg|jpeg|jpeg
975,212.1165,0.033506,3.383501,jpeg|jpeg|jpeg
976,211.5757,0.082756,4.389136,jpeg|jpeg|jpeg
977,211.4138,0.031279,17.008134,jpeg|jpeg|jpeg
978,210.6586,0.020218,16.003927,jpeg|jpeg|jpeg
979,211.4629,0.047153,5.141640,jpeg|jpeg|jpeg
980,212.9479,0.027985,3.486945,jpeg|jpeg|jpeg
981,211.5426,0.017269,15.798810,jpeg|jpeg|jpeg
982,211.3651,0.007351,1.852068,jpeg|jpeg|jpeg
983,211.7099,0.011587,2.538212,jpeg|jpeg|jpeg
984,213.1820,0.010746,1.916703,jpeg|jpeg|jpeg
985,216.2015,0.012340,2.383780,jpeg|downup50|downup50
986,213.2923,0.004714,0.982619,downup50|downup50|downup50
987,212.3255,0.003970,0.462892,downup50|downup50|downup50
988,213.1494,0.008916,1.833007,downup50|jpeg|clean
989,213.4774,0.002163,0.572766,downup50|clean|clean
990,212.5857,0.001428,0.781569,downup50|clean|clean
991,214.3223,0.001677,0.545934,occlusion|occlusion|downup50
992,213.9099,0.003188,1.335334,occlusion|jpeg|occlusion
993,213.9854,0.001995,7.151195,clean|jpeg|jpeg
994,212.8214,0.002352,0.321149,downup50|occlusion|clean
995,213.9863,0.005428,1.158971,jpeg|downup50|occlusion
996,213.0842,0.002703,0.602416,clean|occlusion|downup50
997,212.9828,0.006255,1.183028,clean|jpeg|downup50
998,212.7427,0.011589,2.645580,blur|blur|blur
999,213.2934,0.012504,9.750023,blur|blur|blur
1000,214.0855,0.006075,3.463061,blur|blur|blur
1001,214.0962,0.010758,4.349776,blur|blur|blur
1002,215.1673,0.041789,11.337077,blur|blur|blur
1003,213.8565,0.022456,11.365288,blur|blur|blur
1004,214.6741,0.019283,17.726786,blur|blur|blur
1005,213.9925,0.008444,6.165394,blur|blur|blur
1006,212.9842,0.009590,14.876631,blur|blur|blur
1007,212.5384,0.034919,4.181420,blur|clean|occlusion
1008,213.7487,0.002012,9.652927,clean|downup50|jpeg
1009,215.6975,0.005930,3.535429,occlusion|jpeg|occlusion
1010,213.4925,0.003130,1.006221,downup50|clean|occlusion
1011,214.5016,0.008115,2.601542,downup50|occlusion|jpeg
1012,213.2962,0.000559,0.123876,clean|occlusion|downup50
1013,214.1855,0.001325,0.922539,blur|blur|blur
1014,213.6517,0.002083,21.504456,blur|blur|blur
1015,213.8250,0.015140,4.820109,blur|blur|blur
1016,214.1463,0.001287,3.900850,clean|occlusion|downup50
1017,214.0998,0.005461,0.951811,clean|occlusion|downup50
1018,214.8042,0.013766,11.480967,jpeg|jpeg|blur
1019,214.7937,0.003171,8.377028,blur|blur|clean
1020,214.6879,0.002805,0.896975,occlusion|downup50|blur
1021,213.1726,0.008192,4.187280,occlusion|clean|blur
1022,214.3441,0.005684,1.070728,downup50|clean|occlusion
1023,212.6307,0.001879,14.552174,clean|jpeg|jpeg
1024,212.5950,0.004631,2.581978,jpeg|jpeg|occlusion
1025,213.9752,0.002348,1.287613,clean|blur|downup50
1026,213.3087,0.002295,5.262560,occlusion|clean|jpeg
1027,214.6496,0.000857,1.258439,downup50|blur|occlusion
1028,214.0112,0.003823,1.107108,blur|clean|jpeg
1029,213.8223,0.004286,9.541539,downup50|jpeg|occlusion
1030,213.3202,0.000307,2.029512,downup50|clean|blur
1031,213.8933,0.000142,0.020353,downup50|occlusion|clean
1032,213.9758,0.002727,0.842857,blur|jpeg|downup50
1033,214.0245,0.000804,0.221812,occlusion|clean|blur
1034,212.9928,0.000876,2.307958,jpeg|downup50|occlusion
1035,212.9331,0.000850,8.164788,jpeg|clean|blur
1036,212.8336,0.000753,2.764426,downup50|jpeg|occlusion
1037,213.1608,0.003159,0.545272,clean|blur|jpeg
1038,213.7739,0.000172,0.121760,downup50|occlusion|clean
1039,213.3961,0.060239,7.126718,blur|downup50|occlusion
1040,215.2867,0.012621,3.212944,msg_app|msg_app|msg_app
1041,214.1503,0.013215,3.365943,msg_app|msg_app|msg_app
1042,213.6261,0.014411,11.987672,msg_app|msg_app|msg_app
1043,214.0444,0.063556,17.435645,msg_app|msg_app|msg_app
1044,215.3980,0.111023,32.342521,msg_app|msg_app|msg_app
1045,214.4834,0.146949,20.397299,msg_app|msg_app|msg_app
1046,214.1521,0.076424,24.768955,msg_app|msg_app|msg_app
1047,214.7333,0.040554,11.946610,msg_app|msg_app|msg_app
1048,213.7456,0.120611,12.631348,msg_app|msg_app|msg_app
1049,217.6651,0.041085,17.920330,msg_app|msg_app|msg_app
1050,214.0939,0.082720,18.750738,msg_app|msg_app|msg_app
1051,214.2599,0.007413,15.177281,msg_app|msg_app|msg_app
1052,213.5537,0.091998,10.492080,msg_app|msg_app|msg_app
1053,215.5168,0.010334,13.070282,msg_app|msg_app|msg_app
1054,214.5705,0.010769,13.347832,msg_app|msg_app|msg_app
1055,214.4079,0.029135,5.539519,msg_app|msg_app|msg_app
1056,214.7055,0.116830,24.088743,msg_app|msg_app|jpeg
1057,213.7910,0.000890,0.354104,clean|downup50|jpeg
1058,215.2801,0.002612,1.043969,occlusion|clean|downup50
1059,214.0169,0.000476,0.447461,jpeg|occlusion|clean
1060,215.8960,0.000844,1.291431,jpeg|occlusion|clean
1061,214.3155,0.001218,2.117455,downup50|jpeg|occlusion
1062,215.0651,0.002330,0.573459,clean|downup50|jpeg
1063,214.0391,0.000571,0.346793,occlusion|clean|downup50
1064,213.7725,0.143647,23.921726,jpeg|downup50|crop
1065,213.6797,0.261541,23.564067,crop|crop|crop
1066,214.4535,0.500483,11.466733,crop|clean|occlusion
1067,214.5988,0.000494,0.141658,downup50|occlusion|clean
1068,214.8660,0.002341,2.113633,jpeg|downup50|clean
1069,214.7748,0.001071,1.341643,occlusion|downup50|clean
1070,215.0310,0.004039,1.225433,occlusion|jpeg|clean
1071,215.5412,0.000633,0.137986,occlusion|downup50|occlusion
1072,215.0793,0.002189,1.861961,clean|downup50|jpeg
1073,214.4923,0.000266,1.911892,occlusion|downup50|clean
1074,215.8223,0.001347,1.422990,jpeg|downup50|occlusion
1075,217.7767,0.006452,13.104363,clean|jpeg|downup50
1076,221.2458,0.000291,0.194584,occlusion|clean|downup50
1077,226.4969,0.001568,0.529802,occlusion|clean|jpeg
1078,216.5674,0.000183,0.040400,downup50|occlusion|clean
1079,214.7490,0.019626,3.571081,jpeg|downup50|occlusion
1080,215.8040,0.000249,0.137860,clean|downup50|clean
1081,214.2599,0.019795,6.493278,downup50|blur|blur
1082,212.9666,0.021250,4.519633,blur|occlusion|clean
1083,213.5014,0.022025,3.774051,occlusion|downup50|clean
1084,212.7692,0.000413,0.178797,occlusion|clean|occlusion
1085,214.7717,0.003098,17.284945,blur|blur|blur
1086,214.3178,0.024216,3.443853,blur|blur|blur
1087,214.8232,0.030484,11.216739,blur|blur|blur
1088,213.1988,0.011866,2.996574,blur|blur|blur
1089,216.2273,0.023311,18.303016,blur|blur|blur
1090,214.0287,0.009285,1.966548,jpeg|jpeg|jpeg
1091,233.5341,0.000851,0.396893,clean|occlusion|blur
1092,157.5909,0.019830,13.145064,blur|jpeg|jpeg
1093,126.1330,0.005905,1.754775,jpeg|clean|occlusion
1094,121.1595,0.023492,8.559675,msg_app|msg_app|msg_app
1095,146.8164,0.030187,5.531534,msg_app|msg_app|msg_app
1096,245.1663,0.009716,16.769331,msg_app|msg_app|msg_app
1097,243.5996,0.034897,10.287994,msg_app|msg_app|msg_app
1098,247.7217,0.054298,8.256090,msg_app|msg_app|msg_app
1099,247.4054,0.078865,6.851167,msg_app|jpeg|occlusion
1100,246.0454,0.001736,0.898004,clean|clean|occlusion
1101,244.1699,0.003503,4.401075,blur|blur|blur
1102,247.9889,0.000617,9.243459,blur|blur|blur
1103,245.8713,0.008018,1.382091,blur|blur|blur
1104,247.1273,0.001118,8.570235,blur|clean|jpeg
1105,246.9223,0.007746,1.817264,jpeg|jpeg|blur
1106,243.6844,0.005022,1.061902,occlusion|jpeg|clean
1107,241.4539,0.000158,0.259875,occlusion|downup50|downup50
1108,224.8686,0.004910,1.527412,downup50|downup50|downup50
1109,231.8203,0.000327,0.073874,downup50|downup50|clean
1110,223.6690,0.004827,1.061122,downup50|occlusion|jpeg
1111,231.3264,0.000911,0.717533,downup50|blur|clean
1112,226.9578,0.000554,0.254021,occlusion|downup50|blur
1113,231.7478,0.000256,0.068284,clean|occlusion|downup50
1114,229.1707,0.004592,6.985148,jpeg|blur|downup50
1115,230.5948,0.001468,2.944721,occlusion|clean|blur
1116,233.8828,0.003847,16.813082,jpeg|jpeg|downup50
1117,235.2137,0.000319,1.659557,occlusion|clean|jpeg
1118,233.8024,0.002335,2.345065,jpeg|blur|jpeg
1119,231.4808,0.000999,0.194058,occlusion|downup50|clean
1120,231.8674,0.008711,2.976079,jpeg|blur|downup50
1121,234.1966,0.000935,0.199064,jpeg|occlusion|clean
1122,211.1904,0.080198,15.407467,msg_app|jpeg|downup50
1123,223.2165,0.008001,1.701467,occlusion|clean|jpeg
1124,222.4499,0.000671,0.299238,downup50|occlusion|clean
1125,111.1007,0.000240,0.040683,downup50|occlusion|clean
1126,111.8261,0.001167,0.597381,blur|downup50|occlusion
1127,113.4995,0.029356,5.223830,clean|blur|blur
1128,110.9315,0.001412,13.981137,downup50|occlusion|jpeg
1129,111.3845,0.000691,0.148665,clean|jpeg|downup50
1130,112.5848,0.002272,0.767273,occlusion|jpeg|clean
1131,220.5427,0.000412,1.091171,occlusion|downup50|jpeg
1132,207.2703,0.002208,0.783106,clean|jpeg|occlusion
1133,226.1938,0.000171,1.342122,downup50|clean|jpeg
1134,225.6307,0.001683,0.310631,occlusion|downup50|clean
1135,222.8157,0.002891,1.158490,jpeg|occlusion|clean
1136,224.3246,0.008856,2.950905,downup50|occlusion|jpeg
1137,224.0324,0.000230,0.087022,clean|downup50|occlusion
1138,221.6651,0.000075,0.457686,clean|downup50|occlusion
1139,224.1099,0.000160,0.156936,clean|downup50|occlusion
1140,225.8785,0.000124,0.127720,clean|downup50|jpeg
1141,224.4302,0.008927,13.133879,jpeg|occlusion|clean
1142,226.9427,0.375292,55.234720,crop|crop|crop
1143,227.2453,0.294593,35.679440,crop|crop|crop
1144,228.4589,0.327624,45.534901,crop|crop|crop
1145,226.6067,0.077402,29.373126,crop|crop|crop
1146,227.5642,0.455719,29.298456,crop|crop|crop
1147,223.6274,0.437652,35.481324,crop|crop|crop
1148,121.0399,0.212346,28.125214,crop|crop|crop
1149,119.9380,0.212871,18.084197,crop|crop|crop
1150,192.8491,0.206781,14.907907,crop|crop|crop
1151,216.8726,0.181462,14.369614,crop|crop|crop
1152,227.2887,0.185395,27.635894,crop|crop|crop
1153,230.4061,0.353817,29.793908,crop|crop|crop
1154,229.8330,0.077613,19.044442,crop|crop|crop
1155,225.8000,0.183140,8.481204,crop|crop|crop
1156,116.0431,0.187951,11.770188,crop|crop|crop
1157,117.8154,0.090531,11.847823,crop|crop|crop
1158,178.1164,0.127416,21.897148,crop|crop|crop
1159,229.6839,0.166852,24.807943,crop|crop|crop
1160,146.5154,0.189331,23.662410,crop|crop|crop
1161,191.7976,0.174531,17.800595,crop|crop|crop
1162,214.6011,0.170465,8.540100,crop|crop|crop
1163,218.1706,0.223782,17.949925,crop|crop|crop
1164,212.5791,0.097125,21.547045,crop|crop|crop
1165,214.0139,0.269388,17.915592,crop|crop|crop
1166,213.0288,0.081907,5.577733,crop|crop|crop
1167,213.2091,0.063575,8.729168,crop|crop|crop
1168,214.4998,0.138097,7.892415,crop|crop|crop
1169,212.7906,0.121015,8.382746,crop|crop|crop
1170,212.2436,0.126863,10.292079,crop|crop|crop
1171,211.7660,0.092608,15.442171,crop|crop|crop
1172,211.4733,0.154018,26.991171,crop|crop|crop
1173,211.9957,0.169595,15.464140,crop|crop|crop
1174,213.3477,0.163873,8.408647,crop|crop|downup50
1175,212.2989,0.073335,7.869792,blur|occlusion|crop
1176,212.4820,0.152531,6.202472,crop|crop|crop
1177,214.0619,0.097545,6.931764,crop|crop|crop
1178,213.7858,0.142784,6.037557,crop|crop|crop
1179,214.4699,0.268314,6.046282,crop|crop|crop
1180,212.9796,0.042812,8.227753,clean|occlusion|jpeg
1181,213.2310,0.091205,12.137033,occlusion|clean|msg_app
1182,213.6850,0.047221,16.595128,downup50|downup50|blur
1183,213.2355,0.082258,6.056294,clean|clean|blur
1184,214.6094,0.014882,7.293631,jpeg|occlusion|occlusion
1185,213.0720,0.027952,1.561965,occlusion|occlusion|jpeg
1186,214.6255,0.192939,13.437581,jpeg|msg_app|downup50
1187,214.8470,0.009361,1.267824,occlusion|occlusion|occlusion
1188,214.0938,0.003697,0.866243,occlusion|occlusion|occlusion
1189,213.5524,0.007920,6.446558,occlusion|occlusion|occlusion
1190,214.5109,0.015773,4.621004,occlusion|downup50|downup50
1191,215.3051,0.006852,1.022149,downup50|downup50|downup50
1192,214.2046,0.002724,0.401384,downup50|downup50|downup50
1193,213.5618,0.006199,1.093938,downup50|downup50|downup50
1194,212.7594,0.004991,1.483911,downup50|downup50|downup50
1195,213.9525,0.023195,1.594740,downup50|downup50|clean
1196,211.6928,0.006745,1.289367,downup50|downup50|downup50
1197,212.8630,0.026943,8.701225,jpeg|jpeg|jpeg
1198,212.1328,0.004983,10.727045,jpeg|jpeg|jpeg
1199,213.5037,0.031656,6.994420,jpeg|jpeg|jpeg
1200,212.9229,0.032862,4.342481,jpeg|jpeg|jpeg
1201,213.3507,0.007141,5.034638,jpeg|jpeg|jpeg
1202,213.4557,0.058649,4.994530,jpeg|jpeg|occlusion
1203,212.6297,0.002497,2.838508,occlusion|occlusion|occlusion
1204,215.8280,0.005184,0.581900,occlusion|occlusion|occlusion
1205,213.5570,0.000853,0.800748,downup50|occlusion|clean
1206,214.0928,0.001197,5.472206,clean|clean|clean
1207,213.8063,0.001155,0.151327,clean|clean|clean
1208,214.1639,0.000568,0.528897,clean|clean|clean
1209,213.6443,0.000539,0.199830,clean|clean|clean
1210,213.2738,0.000239,0.061125,clean|clean|clean
1211,213.7874,0.001066,0.188170,clean|clean|clean
1212,212.8911,0.000411,0.095788,clean|clean|downup50
1213,213.2138,0.000288,0.080880,occlusion|clean|downup50
1214,212.4052,0.000355,0.315309,occlusion|downup50|occlusion
1215,212.7656,0.000332,0.114695,clean|downup50|occlusion
1216,213.1098,0.000828,0.090451,downup50|occlusion|clean
1217,213.1025,0.000617,0.090841,downup50|occlusion|clean
1218,212.9469,0.060079,13.087612,blur|blur|blur
1219,211.3263,0.000653,0.113498,downup50|occlusion|clean
1220,211.4934,0.003735,0.695746,downup50|occlusion|clean
1221,212.1972,0.033514,10.789843,blur|downup50|clean
1222,212.9713,0.000401,0.368370,downup50|occlusion|clean
1223,212.6966,0.001936,0.821166,downup50|occlusion|clean
1224,212.6952,0.000965,10.484263,occlusion|downup50|blur
1225,213.6207,0.029732,3.602467,blur|blur|blur
1226,212.8666,0.011252,1.364440,blur|blur|blur
1227,212.7121,0.014324,1.659934,blur|blur|blur
1228,211.5579,0.014681,11.521072,blur|blur|blur
1229,214.1862,0.004055,14.475188,blur|blur|blur
1230,212.5834,0.004092,1.892001,blur|blur|blur
1231,213.1808,0.005569,1.623664,blur|blur|blur
1232,211.3249,0.084287,5.609396,blur|blur|occlusion
1233,212.2905,0.190415,16.481621,crop|downup50|clean
1234,211.6828,0.001790,0.474400,occlusion|downup50|jpeg
1235,212.2134,0.267487,29.423682,jpeg|jpeg|crop
1236,212.1416,0.003350,0.980930,jpeg|jpeg|jpeg
1237,213.2729,0.003440,1.442799,jpeg|jpeg|jpeg
1238,212.1899,0.013521,22.083171,jpeg|jpeg|jpeg
1239,212.5145,0.003836,4.935096,jpeg|jpeg|jpeg
1240,212.7241,0.011802,3.243215,jpeg|jpeg|jpeg
1241,212.0147,0.002226,0.762082,jpeg|jpeg|jpeg
1242,211.7442,0.012317,11.684782,clean|jpeg|occlusion
1243,211.0115,0.000762,0.114195,downup50|clean|occlusion
1244,211.4173,0.000320,0.290309,clean|downup50|occlusion
1245,211.3015,0.000438,0.057466,clean|downup50|occlusion
1246,211.2672,0.000206,0.136943,clean|downup50|occlusion
1247,212.8956,0.014031,3.045622,clean|downup50|jpeg
1248,211.4011,0.001113,0.120826,occlusion|clean|downup50
1249,211.6078,0.000224,0.291345,occlusion|clean|downup50
1250,211.2411,0.000216,0.043910,occlusion|clean|downup50
1251,211.7764,0.000389,0.089116,occlusion|clean|downup50
1252,213.0336,0.001063,0.736433,occlusion|clean|jpeg
1253,211.2917,0.006982,1.853218,jpeg|jpeg|jpeg
1254,214.4432,0.004069,0.552541,jpeg|jpeg|downup50
1255,210.6392,0.004440,3.025598,jpeg|occlusion|clean
1256,212.7865,0.030847,4.146632,downup50|blur|occlusion
1257,211.2977,0.023971,3.825361,clean|jpeg|jpeg
1258,211.9115,0.000459,0.579872,downup50|clean|occlusion
1259,211.9598,0.000450,0.179169,downup50|clean|occlusion
1260,211.5171,0.000877,0.337833,downup50|clean|occlusion
1261,211.2274,0.000232,13.173583,downup50|clean|occlusion
1262,212.5287,0.019612,5.922885,downup50|blur|blur
1263,213.7335,0.002030,2.150652,blur|blur|blur
1264,213.4104,0.030780,3.938543,blur|blur|blur
1265,214.3005,0.005344,3.670872,blur|blur|blur
1266,213.9214,0.002644,0.990682,blur|blur|blur
1267,214.6649,0.029615,7.864810,blur|blur|blur
1268,213.4207,0.010622,3.117960,blur|blur|blur
1269,213.1745,0.007555,1.277348,blur|blur|blur
1270,212.6053,0.002890,0.787727,blur|blur|blur
1271,212.1079,0.012276,2.403478,blur|blur|blur
1272,212.2166,0.009116,1.893514,blur|blur|clean
1273,212.1864,0.008927,1.747784,blur|blur|occlusion
1274,212.5506,0.007578,1.439529,downup50|clean|occlusion
1275,212.2084,0.000375,0.776885,downup50|downup50|clean
1276,213.5673,0.001158,1.743168,blur|blur|blur
1277,212.1622,0.008981,1.909634,blur|downup50|clean
1278,212.5450,0.011399,1.990122,occlusion|jpeg|clean
1279,211.9545,0.022511,10.651160,downup50|msg_app|msg_app
1280,212.5745,0.110541,7.774151,msg_app|msg_app|msg_app
1281,213.3633,0.006617,15.737543,msg_app|msg_app|msg_app
1282,212.8686,0.058317,10.844491,msg_app|msg_app|msg_app
1283,213.2899,0.029145,29.930905,msg_app|msg_app|msg_app
1284,213.1811,0.058489,16.101024,msg_app|msg_app|msg_app
1285,214.1412,0.052130,11.858178,msg_app|msg_app|msg_app
1286,213.4338,0.047799,16.680914,msg_app|msg_app|msg_app
1287,213.4219,0.007695,6.104965,msg_app|msg_app|msg_app
1288,212.8088,0.054255,7.902035,msg_app|msg_app|msg_app
1289,212.6781,0.043480,18.679606,msg_app|msg_app|msg_app
1290,212.8102,0.038690,5.885342,msg_app|msg_app|msg_app
1291,211.2742,0.103138,11.212193,msg_app|msg_app|msg_app
1292,212.1099,0.067514,24.170543,msg_app|msg_app|msg_app
1293,212.4135,0.009120,16.736136,msg_app|msg_app|msg_app
1294,212.7489,0.080036,14.700304,msg_app|msg_app|msg_app
1295,212.7789,0.005201,23.911439,msg_app|msg_app|msg_app
1296,213.5747,0.019273,12.944571,msg_app|msg_app|msg_app
1297,212.9699,0.112490,15.571079,msg_app|msg_app|msg_app
1298,213.0040,0.026852,12.282099,msg_app|msg_app|msg_app
1299,212.0500,0.185388,9.419535,msg_app|msg_app|occlusion
1300,211.0932,0.000901,0.852879,clean|occlusion|downup50
1301,213.3564,0.000582,0.491791,clean|occlusion|blur
1302,211.9386,0.002161,7.113328,blur|jpeg|jpeg
1303,212.7912,0.002902,3.167605,jpeg|jpeg|jpeg
1304,210.7586,0.018205,3.690922,jpeg|downup50|clean
1305,210.3521,0.002065,1.158545,occlusion|blur|clean
1306,212.2376,0.025977,4.680444,occlusion|blur|downup50
1307,210.8865,0.003863,0.978682,clean|occlusion|jpeg
1308,211.8797,0.001672,1.172669,jpeg|jpeg|jpeg
1309,212.9046,0.044131,6.336298,jpeg|jpeg|downup50
1310,212.4487,0.000096,0.055472,occlusion|clean|downup50
1311,212.4101,0.000536,0.070621,occlusion|clean|downup50
1312,215.5919,0.000171,0.037473,occlusion|clean|downup50
1313,212.2426,0.000102,0.099968,occlusion|clean|downup50
1314,210.7056,0.000077,0.018289,occlusion|clean|downup50
1315,210.6201,0.000098,0.406250,occlusion|clean|downup50
1316,210.7919,0.000228,9.483143,occlusion|clean|downup50
1317,210.9962,0.001129,0.276313,occlusion|clean|downup50
1318,210.1315,0.000107,0.362241,occlusion|clean|downup50
1319,210.6418,0.000223,1.165685,occlusion|clean|downup50
1320,210.3565,0.003101,0.636379,occlusion|clean|blur
1321,210.6261,0.015833,3.169437,blur|downup50|occlusion
1322,211.0142,0.001864,0.505177,clean|downup50|occlusion
1323,210.1081,0.000175,0.050850,clean|occlusion|downup50
1324,211.6280,0.000262,0.070661,clean|downup50|occlusion
1325,211.9986,0.000515,0.329186,clean|blur|blur
1326,211.7316,0.012847,2.400040,blur|blur|blur
1327,212.9441,0.001208,8.311558,blur|blur|blur
1328,212.4360,0.014820,2.739948,blur|downup50|occlusion
1329,211.3511,0.000583,6.633244,clean|downup50|blur
1330,211.9778,0.006256,1.328312,blur|blur|blur
1331,211.3140,0.008261,5.364718,occlusion|clean|blur
1332,212.4063,0.012534,2.802772,downup50|jpeg|occlusion
1333,212.9834,0.001805,6.998471,clean|downup50|jpeg
1334,212.2100,0.058330,22.406125,jpeg|jpeg|jpeg
1335,211.6611,0.000628,0.170300,occlusion|clean|downup50
1336,212.3091,0.003132,0.645904,occlusion|clean|blur
1337,212.7284,0.002656,1.928960,downup50|blur|blur
1338,213.6906,0.052673,10.413150,blur|occlusion|blur
1339,213.2437,0.000247,0.090053,clean|downup50|occlusion
1340,213.5344,0.000140,0.047121,clean|downup50|occlusion
1341,213.1771,0.000322,0.301862,clean|downup50|occlusion
1342,213.8889,0.000293,0.082160,clean|downup50|downup50
1343,212.9804,0.000175,0.015497,occlusion|clean|downup50
1344,214.0323,0.000202,0.123214,occlusion|clean|downup50
1345,211.8730,0.000219,0.174255,occlusion|clean|downup50
1346,212.2050,0.002854,0.475482,occlusion|clean|downup50
1347,212.4976,0.005688,10.370132,clean|downup50|jpeg
1348,211.6683,0.012512,20.784981,jpeg|jpeg|jpeg
1349,212.9562,0.007816,1.463839,jpeg|jpeg|jpeg
1350,211.3962,0.000780,1.333943,jpeg|jpeg|jpeg
1351,211.8157,0.007504,4.015012,jpeg|jpeg|jpeg
1352,212.4674,0.003634,3.581335,jpeg|jpeg|jpeg
1353,213.3452,0.003548,1.525977,jpeg|jpeg|jpeg
1354,213.4331,0.001023,5.904794,jpeg|jpeg|jpeg
1355,212.2849,0.002383,15.511126,jpeg|jpeg|jpeg
1356,212.3909,0.009452,8.522467,jpeg|clean|occlusion
1357,213.0595,0.000940,0.174880,occlusion|downup50|clean
1358,213.3253,0.000823,0.407940,downup50|occlusion|clean
1359,213.3958,0.000755,15.480528,jpeg|jpeg|occlusion
1360,213.3170,0.000779,0.655070,jpeg|downup50|clean
1361,210.7818,0.011034,1.711462,occlusion|jpeg|downup50
1362,211.7654,0.001814,0.504124,clean|jpeg|downup50
1363,210.0613,0.001220,0.227922,clean|downup50|jpeg
1364,210.7932,0.003769,1.052083,clean|jpeg|clean
1365,212.3798,0.000549,0.085776,downup50|downup50|clean
1366,211.9112,0.059081,16.736354,msg_app|msg_app|msg_app
1367,211.6153,0.006358,6.033048,msg_app|msg_app|msg_app
1368,210.9757,0.081605,18.307251,msg_app|msg_app|msg_app
1369,211.6607,0.033867,21.677128,msg_app|msg_app|msg_app
1370,211.7191,0.090356,22.742202,msg_app|msg_app|msg_app
1371,212.2057,0.021773,2.774038,msg_app|msg_app|msg_app
1372,212.2667,0.023703,21.165436,msg_app|msg_app|msg_app
1373,212.9743,0.028602,4.778839,msg_app|msg_app|msg_app
1374,212.0244,0.022620,11.102671,msg_app|msg_app|msg_app
1375,212.1647,0.146567,6.169219,msg_app|occlusion|occlusion
1376,212.2450,0.000900,2.305101,downup50|occlusion|clean
1377,211.8096,0.004897,0.988140,jpeg|occlusion|occlusion
1378,210.3596,0.000251,0.055566,occlusion|downup50|clean
1379,210.1636,0.001378,0.209483,occlusion|downup50|occlusion
1380,210.2961,0.002150,1.806908,clean|jpeg|downup50
1381,210.2701,0.001055,1.302477,clean|occlusion|jpeg
1382,209.6877,0.001216,3.586492,jpeg|occlusion|downup50
1383,211.5594,0.001794,0.317567,clean|jpeg|occlusion
1384,211.9329,0.000441,8.656718,downup50|jpeg|clean
1385,199.3583,0.002371,1.805162,jpeg|downup50|occlusion
1386,219.7514,0.001494,8.000016,blur|blur|blur
1387,219.5898,0.015984,2.240896,blur|blur|blur
1388,221.4939,0.005484,16.569648,blur|blur|blur
1389,223.1585,0.001742,0.985475,blur|blur|blur
1390,222.8174,0.006381,1.689123,blur|blur|blur
1391,219.3524,0.006729,1.150540,blur|blur|blur
1392,220.5788,0.006842,1.957835,blur|blur|blur
1393,223.0085,0.001551,1.287177,blur|blur|blur
1394,220.3013,0.005167,1.532389,blur|msg_app|msg_app
1395,220.2066,0.020699,4.447594,msg_app|msg_app|msg_app
1396,220.4762,0.010317,1.968935,msg_app|msg_app|msg_app
1397,217.6626,0.005913,13.037764,msg_app|msg_app|msg_app
1398,222.7392,0.009570,4.651797,msg_app|msg_app|msg_app
1399,221.7760,0.033635,22.751332,msg_app|msg_app|msg_app
1400,225.1365,0.022838,4.055070,msg_app|msg_app|msg_app
1401,218.8200,0.120026,9.922969,msg_app|blur|clean
1402,220.1294,0.000600,0.488500,occlusion|downup50|blur
1403,226.2375,0.000597,0.436317,clean|jpeg|occlusion
1404,240.6472,0.000166,0.233111,downup50|clean|jpeg
1405,241.7094,0.000694,4.098397,blur|occlusion|jpeg
1406,248.5697,0.000060,0.462277,downup50|clean|occlusion
1407,250.6400,0.004347,6.156624,blur|jpeg|downup50
1408,244.0603,0.000270,1.685476,clean|occlusion|jpeg
1409,232.0636,0.000152,0.026159,clean|occlusion|downup50
1410,235.9125,0.002421,0.488350,jpeg|blur|occlusion
1411,238.6215,0.000295,0.032406,clean|downup50|blur
1412,234.3395,0.000230,0.039415,downup50|occlusion|clean
1413,243.9748,0.014369,2.783187,jpeg|blur|downup50
1414,242.5090,0.001330,0.398267,clean|occlusion|downup50
1415,237.6887,0.002206,0.490916,clean|occlusion|downup50
1416,240.5298,0.021010,4.207030,clean|blur|occlusion
1417,246.8454,0.000314,0.089637,clean|occlusion|downup50
1418,231.6704,0.000273,0.044069,clean|occlusion|downup50
1419,229.7196,0.021149,4.541428,jpeg|jpeg|clean
1420,231.9726,0.000093,0.062945,occlusion|downup50|clean
1421,224.7219,0.000201,0.106413,downup50|occlusion|clean
